variable,count,mean,std,min,25%,50%,75%,max,original
dummy1,1000.0,0.00024143350353931543,0.009412354877313128,-0.0312418805623124,-0.006489175049571826,-7.253508833571232e-05,0.006628267716680825,0.0310853941278423,0.0011916328748586
dummy2,1000.0,0.0003143420579470235,0.0110217044049079,-0.031354781574322,-0.0075536492764616,0.0003281231663141,0.0076085654549702,0.0346105169299164,0.0081567362853611
x1,1000.0,-0.0279889533179744,3.0669353936481936,-10.467075959816984,-1.994126839480131,-0.0741033296044337,1.7806259702375027,28.20409508743744,28.20409508743744
x2,1000.0,-0.26487294658907395,7.857975370996558,-24.950676525454625,-5.285732686595827,-0.20298893041683075,4.739206713516579,75.05037643856625,75.05037643856625
x3,1000.0,-0.08578389010642266,1.9020603299496648,-6.295484480504214,-1.2556415793252074,-0.07656271680848545,1.1471135848729617,17.755134096712553,17.755134096712553
